{
  "functions": {
    "source": "backend",
    "runtime": "nodejs20",
    "predeploy": ["npm --prefix \"$RESOURCE_DIR\" run build"]
  },
  "firestore": {
    "rules": "firestore.rules"
  },
  "hosting": {
    "public": "dist",
    "ignore": ["firebase.json", "**/.*", "**/node_modules/**"],
    "rewrites": [
      {
        "source": "**",
        "destination": "/index.html"
      }
    ]
  },
  "emulators": {
    "functions": {
      "port": 5003
    },
    "firestore": {
      "port": 8082
    },
    "ui": {
      "enabled": true,
      "port": 4002
    },
    "singleProjectMode": true
  }
}
